RANK,PLAYER,REC,TGT,YDS,Y/R,LG,20+,TD,RUSHING ATT,RUSHING YDS,RUSHING TD,FL,G,FPTS,FPTS/G,ROST,POS
1,Larry Fitzgerald (FA),97,153,1092,11.3,34,0,13,0,0,0,0,16,284.2,17.8,0.2%,WR
2,DeSean Jackson (LV),62,116,1156,18.6,71,0,9,11,137,1,1,15,249.3,16.6,7.6%,WR
3,Ted Ginn Jr. (FA),38,78,454,11.9,53,0,1,7,48,0,0,16,94.2,5.9,0.0%,WR
4,Julian Edelman (FA),37,54,359,9.7,29,0,1,2,5,0,0,11,79.4,7.2,13.1%,WR
5,Matthew Slater (NE),0,0,0,0.0,0,0,0,1,6,0,0,14,0.6,0.0,0.0%,WR
6,Jeff Smith (NYJ),0,0,0,0.0,0,0,0,0,0,0,0,0,0.0,0.0,0.0%,WR
7,Tyron Johnson (JAC),0,0,0,0.0,0,0,0,0,0,0,0,0,0.0,0.0,0.0%,WR
8,Trinity Benson (DET),0,0,0,0.0,0,0,0,0,0,0,0,0,0.0,0.0,0.0%,WR
9,Jody Fortson (KC),0,0,0,0.0,0,0,0,0,0,0,0,0,0.0,0.0,0.0%,WR
10,Penny Hart (SEA),0,0,0,0.0,0,0,0,0,0,0,0,0,0.0,0.0,0.0%,WR
11,Kabion Ento (GB),0,0,0,0.0,0,0,0,0,0,0,0,0,0.0,0.0,0.0%,WR
12,Trenton Irwin (CIN),0,0,0,0.0,0,0,0,0,0,0,0,0,0.0,0.0,0.0%,WR
13,John Ursua (SEA),0,0,0,0.0,0,0,0,0,0,0,0,0,0.0,0.0,0.0%,WR
14,Scotty Miller (TB),0,0,0,0.0,0,0,0,0,0,0,0,0,0.0,0.0,0.2%,WR
15,Bisi Johnson (MIN),0,0,0,0.0,0,0,0,0,0,0,0,0,0.0,0.0,0.0%,WR
16,Darius Slayton (NYG),0,0,0,0.0,0,0,0,0,0,0,0,0,0.0,0.0,5.0%,WR
17,Quinton Bell (ATL),0,0,0,0.0,0,0,0,0,0,0,0,0,0.0,0.0,0.1%,WR
18,Juwann Winfree (GB),0,0,0,0.0,0,0,0,0,0,0,0,0,0.0,0.0,0.0%,WR
19,D.J. Montgomery (NYJ),0,0,0,0.0,0,0,0,0,0,0,0,0,0.0,0.0,0.0%,WR
20,Steven Sims Jr. (PIT),0,0,0,0.0,0,0,0,0,0,0,0,0,0.0,0.0,0.0%,WR
21,Jalen Guyton (LAC),0,0,0,0.0,0,0,0,0,0,0,0,0,0.0,0.0,0.2%,WR
22,Jason Moore Jr. (LAC),0,0,0,0.0,0,0,0,0,0,0,0,0,0.0,0.0,0.0%,WR
23,Nsimba Webster (CHI),0,0,0,0.0,0,0,0,0,0,0,0,0,0.0,0.0,0.0%,WR
24,Alex Bachman (NYG),0,0,0,0.0,0,0,0,0,0,0,0,0,0.0,0.0,0.0%,WR
25,Malik Henry (NO),0,0,0,0.0,0,0,0,0,0,0,0,0,0.0,0.0,0.0%,WR
26,Deonte Harris (NO),0,0,0,0.0,0,0,0,0,0,0,0,0,0.0,0.0,11.4%,WR
27,Jayson Stanley (SEA),0,0,0,0.0,0,0,0,0,0,0,0,0,0.0,0.0,0.0%,WR
28,Olamide Zaccheaus (ATL),0,0,0,0.0,0,0,0,0,0,0,0,0,0.0,0.0,0.9%,WR
29,Malik Taylor (GB),0,0,0,0.0,0,0,0,0,0,0,0,0,0.0,0.0,0.1%,WR
30,Alexander Hollins (CLE),0,0,0,0.0,0,0,0,0,0,0,0,0,0.0,0.0,0.0%,WR
31,Andy Isabella (ARI),0,0,0,0.0,0,0,0,0,0,0,0,0,0.0,0.0,0.1%,WR
32,Terry Godwin (JAC),0,0,0,0.0,0,0,0,0,0,0,0,0,0.0,0.0,0.0%,WR
33,Hunter Renfrow (LV),0,0,0,0.0,0,0,0,0,0,0,0,0,0.0,0.0,75.0%,WR
34,Collin Johnson (NYG),0,0,0,0.0,0,0,0,0,0,0,0,0,0.0,0.0,0.1%,WR
35,Deebo Samuel (SF),0,0,0,0.0,0,0,0,0,0,0,0,0,0.0,0.0,98.2%,WR
36,J.J. Arcega-Whiteside (PHI),0,0,0,0.0,0,0,0,0,0,0,0,0,0.0,0.0,0.1%,WR
37,Hakeem Butler (PHI),0,0,0,0.0,0,0,0,0,0,0,0,0,0.0,0.0,0.0%,WR
38,Parris Campbell (IND),0,0,0,0.0,0,0,0,0,0,0,0,0,0.0,0.0,5.3%,WR
39,Terry McLaurin (WAS),0,0,0,0.0,0,0,0,0,0,0,0,0,0.0,0.0,98.9%,WR
40,Ashton Dulin (IND),0,0,0,0.0,0,0,0,0,0,0,0,0,0.0,0.0,0.1%,WR
41,Lil'Jordan Humphrey (NO),0,0,0,0.0,0,0,0,0,0,0,0,0,0.0,0.0,0.0%,WR
42,Miles Boykin (BAL),0,0,0,0.0,0,0,0,0,0,0,0,0,0.0,0.0,0.1%,WR
43,Bryan Edwards (LV),0,0,0,0.0,0,0,0,0,0,0,0,0,0.0,0.0,17.1%,WR
44,Tyler Johnson (TB),0,0,0,0.0,0,0,0,0,0,0,0,0,0.0,0.0,6.3%,WR
45,Chase Claypool (PIT),0,0,0,0.0,0,0,0,0,0,0,0,0,0.0,0.0,85.8%,WR
46,Stanley Morgan Jr. (CIN),0,0,0,0.0,0,0,0,0,0,0,0,0,0.0,0.0,0.0%,WR
47,KeeSean Johnson (PHI),0,0,0,0.0,0,0,0,0,0,0,0,0,0.0,0.0,0.0%,WR
48,Diontae Johnson (PIT),0,0,0,0.0,0,0,0,0,0,0,0,0,0.0,0.0,96.9%,WR
49,Preston Williams (MIA),0,0,0,0.0,0,0,0,0,0,0,0,0,0.0,0.0,0.2%,WR
50,Antoine Wesley (ARI),0,0,0,0.0,0,0,0,0,0,0,0,0,0.0,0.0,0.2%,WR
51,Anthony Ratliff-Williams (SEA),0,0,0,0.0,0,0,0,0,0,0,0,0,0.0,0.0,0.0%,WR
52,Jakobi Meyers (NE),0,0,0,0.0,0,0,0,0,0,0,0,0,0.0,0.0,69.8%,WR
53,Mecole Hardman (KC),0,0,0,0.0,0,0,0,0,0,0,0,0,0.0,0.0,41.2%,WR
54,Greg Dortch (ARI),0,0,0,0.0,0,0,0,0,0,0,0,0,0.0,0.0,0.0%,WR
55,David Sills V (NYG),0,0,0,0.0,0,0,0,0,0,0,0,0,0.0,0.0,0.0%,WR
56,Cody Thompson (SEA),0,0,0,0.0,0,0,0,0,0,0,0,0,0.0,0.0,0.0%,WR
57,Davion Davis (HOU),0,0,0,0.0,0,0,0,0,0,0,0,0,0.0,0.0,0.0%,WR
58,DeAndre Thompkins (GB),0,0,0,0.0,0,0,0,0,0,0,0,0,0.0,0.0,0.0%,WR
59,Travis Fulgham (MIA),0,0,0,0.0,0,0,0,0,0,0,0,0,0.0,0.0,0.0%,WR
60,Thomas Ives (CHI),0,0,0,0.0,0,0,0,0,0,0,0,0,0.0,0.0,0.0%,WR
61,Tom Kennedy (DET),0,0,0,0.0,0,0,0,0,0,0,0,0,0.0,0.0,0.0%,WR
62,Malcolm Perry (NE),0,0,0,0.0,0,0,0,0,0,0,0,0,0.0,0.0,0.0%,WR
63,Darnell Mooney (CHI),0,0,0,0.0,0,0,0,0,0,0,0,0,0.0,0.0,45.9%,WR
64,Tylan Wallace (BAL),0,0,0,0.0,0,0,0,0,0,0,0,0,0.0,0.0,0.1%,WR
65,Amon-Ra St. Brown (DET),0,0,0,0.0,0,0,0,0,0,0,0,0,0.0,0.0,7.0%,WR
66,Rondale Moore (ARI),0,0,0,0.0,0,0,0,0,0,0,0,0,0.0,0.0,26.0%,WR
67,Rashod Bateman (BAL),0,0,0,0.0,0,0,0,0,0,0,0,0,0.0,0.0,41.3%,WR
68,Jaylen Waddle (MIA),0,0,0,0.0,0,0,0,0,0,0,0,0,0.0,0.0,88.6%,WR
69,Ja'Marr Chase (CIN),0,0,0,0.0,0,0,0,0,0,0,0,0,0.0,0.0,98.2%,WR
70,Isaiah Coulter (CHI),0,0,0,0.0,0,0,0,0,0,0,0,0,0.0,0.0,0.0%,WR
71,Kirk Merritt (MIA),0,0,0,0.0,0,0,0,0,0,0,0,0,0.0,0.0,0.0%,WR
72,Nick Westbrook-Ikhine (TEN),0,0,0,0.0,0,0,0,0,0,0,0,0,0.0,0.0,0.3%,WR
73,Cody White (PIT),0,0,0,0.0,0,0,0,0,0,0,0,0,0.0,0.0,0.0%,WR
74,Dezmon Patmon (IND),0,0,0,0.0,0,0,0,0,0,0,0,0,0.0,0.0,0.0%,WR
75,Ja'Marcus Bradley (CLE),0,0,0,0.0,0,0,0,0,0,0,0,0,0.0,0.0,0.0%,WR
76,Freddie Swain (SEA),0,0,0,0.0,0,0,0,0,0,0,0,0,0.0,0.0,0.4%,WR
77,Quez Watkins (PHI),0,0,0,0.0,0,0,0,0,0,0,0,0,0.0,0.0,1.7%,WR
78,K.J. Osborn (MIN),0,0,0,0.0,0,0,0,0,0,0,0,0,0.0,0.0,6.4%,WR
79,Aaron Parker (CAR),0,0,0,0.0,0,0,0,0,0,0,0,0,0.0,0.0,0.0%,WR
80,Chris Finke (KC),0,0,0,0.0,0,0,0,0,0,0,0,0,0.0,0.0,0.0%,WR
81,Mason Kinsey (TEN),0,0,0,0.0,0,0,0,0,0,0,0,0,0.0,0.0,0.0%,WR
82,Lawrence Cager (CLE),0,0,0,0.0,0,0,0,0,0,0,0,0,0.0,0.0,0.0%,WR
83,Trishton Jackson (MIN),0,0,0,0.0,0,0,0,0,0,0,0,0,0.0,0.0,0.0%,WR
84,Josh Pearson (TB),0,0,0,0.0,0,0,0,0,0,0,0,0,0.0,0.0,0.0%,WR
85,DeMichael Harris (IND),0,0,0,0.0,0,0,0,0,0,0,0,0,0.0,0.0,0.0%,WR
86,Matt Cole (CAR),0,0,0,0.0,0,0,0,0,0,0,0,0,0.0,0.0,0.0%,WR
87,JoJo Ward (CLE),0,0,0,0.0,0,0,0,0,0,0,0,0,0.0,0.0,0.0%,WR
88,Chris Rowland (TEN),0,0,0,0.0,0,0,0,0,0,0,0,0,0.0,0.0,0.0%,WR
89,Jalen McCleskey (NO),0,0,0,0.0,0,0,0,0,0,0,0,0,0.0,0.0,0.0%,WR
90,Isaiah Zuber (CLE),0,0,0,0.0,0,0,0,0,0,0,0,0,0.0,0.0,0.0%,WR
91,Travis Jonsen (DET),0,0,0,0.0,0,0,0,0,0,0,0,0,0.0,0.0,0.0%,WR
92,Derrick Dillon (NYG),0,0,0,0.0,0,0,0,0,0,0,0,0,0.0,0.0,0.0%,WR
93,Rysen John (NYG),0,0,0,0.0,0,0,0,0,0,0,0,0,0.0,0.0,0.0%,WR
94,Manasseh Bailey (NYJ),0,0,0,0.0,0,0,0,0,0,0,0,0,0.0,0.0,0.0%,WR
95,Kendall Hinton (DEN),0,0,0,0.0,0,0,0,0,0,0,0,0,0.0,0.0,0.1%,WR
96,Kristian Wilkerson (NE),0,0,0,0.0,0,0,0,0,0,0,0,0,0.0,0.0,0.0%,WR
97,Tyler Simmons (PIT),0,0,0,0.0,0,0,0,0,0,0,0,0,0.0,0.0,0.0%,WR
98,Jaylon Moore (BAL),0,0,0,0.0,0,0,0,0,0,0,0,0,0.0,0.0,0.0%,WR
99,Tyrie Cleveland (DEN),0,0,0,0.0,0,0,0,0,0,0,0,0,0.0,0.0,0.0%,WR
100,Devin Duvernay (BAL),0,0,0,0.0,0,0,0,0,0,0,0,0,0.0,0.0,1.3%,WR
101,KJ Hamler (DEN),0,0,0,0.0,0,0,0,0,0,0,0,0,0.0,0.0,0.8%,WR
102,Brandon Aiyuk (SF),0,0,0,0.0,0,0,0,0,0,0,0,0,0.0,0.0,72.9%,WR
103,Justin Jefferson (MIN),0,0,0,0.0,0,0,0,0,0,0,0,0,0.0,0.0,99.8%,WR
104,DeVonta Smith (PHI),0,0,0,0.0,0,0,0,0,0,0,0,0,0.0,0.0,86.9%,WR
105,Laviska Shenault Jr. (JAC),0,0,0,0.0,0,0,0,0,0,0,0,0,0.0,0.0,47.4%,WR
106,Jalen Reagor (PHI),0,0,0,0.0,0,0,0,0,0,0,0,0,0.0,0.0,16.8%,WR
107,Tee Higgins (CIN),0,0,0,0.0,0,0,0,0,0,0,0,0,0.0,0.0,90.4%,WR
108,CeeDee Lamb (DAL),0,0,0,0.0,0,0,0,0,0,0,0,0,0.0,0.0,99.5%,WR
109,Jerry Jeudy (DEN),0,0,0,0.0,0,0,0,0,0,0,0,0,0.0,0.0,86.6%,WR
110,Donovan Peoples-Jones (CLE),0,0,0,0.0,0,0,0,0,0,0,0,0,0.0,0.0,23.3%,WR
111,Gunner Olszewski (NE),0,0,0,0.0,0,0,0,0,0,0,0,0,0.0,0.0,0.1%,WR
112,Damion Willis (WAS),0,0,0,0.0,0,0,0,0,0,0,0,0,0.0,0.0,0.0%,WR
113,Marquise Brown (BAL),0,0,0,0.0,0,0,0,0,0,0,0,0,0.0,0.0,93.9%,WR
114,Michael Pittman Jr. (IND),0,0,0,0.0,0,0,0,0,0,0,0,0,0.0,0.0,93.5%,WR
115,Aaron Fuller (SEA),0,0,0,0.0,0,0,0,0,0,0,0,0,0.0,0.0,0.0%,WR
116,Stephen Sullivan (CAR),0,0,0,0.0,0,0,0,0,0,0,0,0,0.0,0.0,0.0%,WR
117,Easop Winston Jr. (NO),0,0,0,0.0,0,0,0,0,0,0,0,0,0.0,0.0,0.0%,WR
118,Binjimen Victor (BAL),0,0,0,0.0,0,0,0,0,0,0,0,0,0.0,0.0,0.0%,WR
119,Jauan Jennings (SF),0,0,0,0.0,0,0,0,0,0,0,0,0,0.0,0.0,0.0%,WR
120,Lynn Bowden Jr. (MIA),0,0,0,0.0,0,0,0,0,0,0,0,0,0.0,0.0,0.1%,WR
121,Juwan Johnson (NO),0,0,0,0.0,0,0,0,0,0,0,0,0,0.0,0.0,2.6%,WR
122,Quartney Davis (IND),0,0,0,0.0,0,0,0,0,0,0,0,0,0.0,0.0,0.0%,WR
123,Tarik Black (IND),0,0,0,0.0,0,0,0,0,0,0,0,0,0.0,0.0,0.0%,WR
124,Tyler Vaughns (PIT),0,0,0,0.0,0,0,0,0,0,0,0,0,0.0,0.0,0.0%,WR
125,Marquez Callaway (NO),0,0,0,0.0,0,0,0,0,0,0,0,0,0.0,0.0,36.8%,WR
126,Van Jefferson (LAR),0,0,0,0.0,0,0,0,0,0,0,0,0,0.0,0.0,46.6%,WR
127,John Hightower (PHI),0,0,0,0.0,0,0,0,0,0,0,0,0,0.0,0.0,0.0%,WR
128,Joe Reed (LAC),0,0,0,0.0,0,0,0,0,0,0,0,0,0.0,0.0,0.0%,WR
129,Kalija Lipscomb (TEN),0,0,0,0.0,0,0,0,0,0,0,0,0,0.0,0.0,0.0%,WR
130,Gabriel Davis (BUF),0,0,0,0.0,0,0,0,0,0,0,0,0,0.0,0.0,2.4%,WR
131,Quintez Cephus (DET),0,0,0,0.0,0,0,0,0,0,0,0,0,0.0,0.0,0.9%,WR
132,Isaiah Hodgins (BUF),0,0,0,0.0,0,0,0,0,0,0,0,0,0.0,0.0,0.0%,WR
133,James Proche II (BAL),0,0,0,0.0,0,0,0,0,0,0,0,0,0.0,0.0,0.1%,WR
134,Denzel Mims (NYJ),0,0,0,0.0,0,0,0,0,0,0,0,0,0.0,0.0,0.7%,WR
135,Antonio Gandy-Golden (WAS),0,0,0,0.0,0,0,0,0,0,0,0,0,0.0,0.0,0.0%,WR
136,KJ Hill Jr. (LAC),0,0,0,0.0,0,0,0,0,0,0,0,0,0.0,0.0,0.1%,WR
137,Kelvin Harmon (WAS),0,0,0,0.0,0,0,0,0,0,0,0,0,0.0,0.0,0.0%,WR
138,N'Keal Harry (NE),0,0,0,0.0,0,0,0,0,0,0,0,0,0.0,0.0,0.2%,WR
139,Greg Ward (PHI),0,0,0,0.0,0,0,0,0,0,0,0,0,0.0,0.0,0.1%,WR
140,Cyril Grayson Jr. (TB),0,0,0,0.0,0,0,0,0,0,0,0,0,0.0,0.0,0.0%,WR
141,Kendrick Bourne (NE),0,0,0,0.0,0,0,0,0,0,0,0,0,0.0,0.0,5.1%,WR
142,Deante Burton (DAL),0,0,0,0.0,0,0,0,0,0,0,0,0,0.0,0.0,0.0%,WR
143,Marcell Ateman (LV),0,0,0,0.0,0,0,0,0,0,0,0,0,0.0,0.0,0.0%,WR
144,Christian Kirk (ARI),0,0,0,0.0,0,0,0,0,0,0,0,0,0.0,0.0,65.3%,WR
145,D.J. Moore (CAR),0,0,0,0.0,0,0,0,0,0,0,0,0,0.0,0.0,97.9%,WR
146,Dante Pettis (NYG),0,0,0,0.0,0,0,0,0,0,0,0,0,0.0,0.0,0.4%,WR
147,Deon Cain (PHI),0,0,0,0.0,0,0,0,0,0,0,0,0,0.0,0.0,0.0%,WR
148,Cedrick Wilson Jr. (DAL),0,0,0,0.0,0,0,0,0,0,0,0,0,0.0,0.0,1.0%,WR
149,Tre'Quan Smith (NO),0,0,0,0.0,0,0,0,0,0,0,0,0,0.0,0.0,2.4%,WR
150,Michael Gallup (DAL),0,0,0,0.0,0,0,0,0,0,0,0,0,0.0,0.0,52.0%,WR
151,Calvin Ridley (ATL),0,0,0,0.0,0,0,0,0,0,0,0,0,0.0,0.0,82.8%,WR
152,Anthony Miller (PIT),0,0,0,0.0,0,0,0,0,0,0,0,0,0.0,0.0,0.3%,WR
153,James Washington (PIT),0,0,0,0.0,0,0,0,0,0,0,0,0,0.0,0.0,2.4%,WR
154,Courtland Sutton (DEN),0,0,0,0.0,0,0,0,0,0,0,0,0,0.0,0.0,90.4%,WR
155,Brandon Zylstra (CAR),0,0,0,0.0,0,0,0,0,0,0,0,0,0.0,0.0,0.0%,WR
156,River Cracraft (SF),0,0,0,0.0,0,0,0,0,0,0,0,0,0.0,0.0,0.0%,WR
157,C.J. Board (NYG),0,0,0,0.0,0,0,0,0,0,0,0,0,0.0,0.0,0.0%,WR
158,JoJo Natson (CLE),0,0,0,0.0,0,0,0,0,0,0,0,0,0.0,0.0,0.0%,WR
159,Jamal Agnew (JAC),0,0,0,0.0,0,0,0,0,0,0,0,0,0.0,0.0,8.6%,WR
160,Tanner Gentry (BUF),0,0,0,0.0,0,0,0,0,0,0,0,0,0.0,0.0,0.0%,WR
161,Ryan Switzer (CLE),0,0,0,0.0,0,0,0,0,0,0,0,0,0.0,0.0,0.0%,WR
162,Gehrig Dieter (KC),0,0,0,0.0,0,0,0,0,0,0,0,0,0.0,0.0,0.0%,WR
163,Isaiah McKenzie (BUF),0,0,0,0.0,0,0,0,0,0,0,0,0,0.0,0.0,0.2%,WR
164,Isaac Whitney (ARI),0,0,0,0.0,0,0,0,0,0,0,0,0,0.0,0.0,0.0%,WR
165,Zach Pascal (IND),0,0,0,0.0,0,0,0,0,0,0,0,0,0.0,0.0,8.5%,WR
166,Keelan Cole Sr. (NYJ),0,0,0,0.0,0,0,0,0,0,0,0,0,0.0,0.0,0.3%,WR
167,Marcus Kemp (KC),0,0,0,0.0,0,0,0,0,0,0,0,0,0.0,0.0,0.0%,WR
168,Justin Hardee (NYJ),0,0,0,0.0,0,0,0,0,0,0,0,0,0.0,0.0,0.0%,WR
169,Jester Weah (CHI),0,0,0,0.0,0,0,0,0,0,0,0,0,0.0,0.0,0.0%,WR
170,D.K. Metcalf (SEA),0,0,0,0.0,0,0,0,0,0,0,0,0,0.0,0.0,99.9%,WR
171,Caleb Scott (LV),0,0,0,0.0,0,0,0,0,0,0,0,0,0.0,0.0,0.0%,WR
172,Cam Sims (WAS),0,0,0,0.0,0,0,0,0,0,0,0,0,0.0,0.0,0.1%,WR
173,De'Mornay Pierson-El (DEN),0,0,0,0.0,0,0,0,0,0,0,0,0,0.0,0.0,0.0%,WR
174,Devin Ross (NE),0,0,0,0.0,0,0,0,0,0,0,0,0,0.0,0.0,0.0%,WR
175,Rico Gafford (DEN),0,0,0,0.0,0,0,0,0,0,0,0,0,0.0,0.0,0.0%,WR
176,Jordan Veasy (HOU),0,0,0,0.0,0,0,0,0,0,0,0,0,0.0,0.0,0.0%,WR
177,Cameron Batson (TEN),0,0,0,0.0,0,0,0,0,0,0,0,0,0.0,0.0,0.0%,WR
178,Trent Sherfield (SF),0,0,0,0.0,0,0,0,0,0,0,0,0,0.0,0.0,0.1%,WR
179,Keith Kirkwood (CAR),0,0,0,0.0,0,0,0,0,0,0,0,0,0.0,0.0,0.0%,WR
180,A.J. Brown (TEN),0,0,0,0.0,0,0,0,0,0,0,0,0,0.0,0.0,99.6%,WR
181,Aleva Hifo (ARI),0,0,0,0.0,0,0,0,0,0,0,0,0,0.0,0.0,0.0%,WR
182,Shaq Roland (CHI),0,0,0,0.0,0,0,0,0,0,0,0,0,0.0,0.0,0.0%,WR
183,Malik Turner (DAL),0,0,0,0.0,0,0,0,0,0,0,0,0,0.0,0.0,0.1%,WR
184,KhaDarel Hodge (DET),0,0,0,0.0,0,0,0,0,0,0,0,0,0.0,0.0,0.1%,WR
185,Robert Foster (DAL),0,0,0,0.0,0,0,0,0,0,0,0,0,0.0,0.0,0.0%,WR
186,Dylan Cantrell (WAS),0,0,0,0.0,0,0,0,0,0,0,0,0,0.0,0.0,0.0%,WR
187,Damion Ratley (DAL),0,0,0,0.0,0,0,0,0,0,0,0,0,0.0,0.0,0.0%,WR
188,Ray-Ray McCloud (PIT),0,0,0,0.0,0,0,0,0,0,0,0,0,0.0,0.0,0.4%,WR
189,Marquez Valdes-Scantling (GB),0,0,0,0.0,0,0,0,0,0,0,0,0,0.0,0.0,6.6%,WR
190,Keke Coutee (IND),0,0,0,0.0,0,0,0,0,0,0,0,0,0.0,0.0,0.1%,WR
191,DaeSean Hamilton (DEN),0,0,0,0.0,0,0,0,0,0,0,0,0,0.0,0.0,0.0%,WR
192,Justin Watson (TB),0,0,0,0.0,0,0,0,0,0,0,0,0,0.0,0.0,0.0%,WR
193,Javon Wims (LV),0,0,0,0.0,0,0,0,0,0,0,0,0,0.0,0.0,0.0%,WR
194,Equanimeous St. Brown (GB),0,0,0,0.0,0,0,0,0,0,0,0,0,0.0,0.0,0.6%,WR
195,Auden Tate (CIN),0,0,0,0.0,0,0,0,0,0,0,0,0,0.0,0.0,0.1%,WR
196,Richie James Jr. (SF),0,0,0,0.0,0,0,0,0,0,0,0,0,0.0,0.0,0.0%,WR
197,Allen Lazard (GB),0,0,0,0.0,0,0,0,0,0,0,0,0,0.0,0.0,7.3%,WR
198,D.J. Chark Jr. (JAC),0,0,0,0.0,0,0,0,0,0,0,0,0,0.0,0.0,20.5%,WR
199,J'Mon Moore (ATL),0,0,0,0.0,0,0,0,0,0,0,0,0,0.0,0.0,0.0%,WR
200,Braxton Berrios (NYJ),0,0,0,0.0,0,0,0,0,0,0,0,0,0.0,0.0,0.2%,WR
201,Jeff Badet (LV),0,0,0,0.0,0,0,0,0,0,0,0,0,0.0,0.0,0.0%,WR
202,Russell Gage (ATL),0,0,0,0.0,0,0,0,0,0,0,0,0,0.0,0.0,25.5%,WR
203,Christian Blake (ATL),0,0,0,0.0,0,0,0,0,0,0,0,0,0.0,0.0,0.0%,WR
204,Brandon Powell (LAR),0,0,0,0.0,0,0,0,0,0,0,0,0,0.0,0.0,0.0%,WR
205,Byron Pringle (KC),0,0,0,0.0,0,0,0,0,0,0,0,0,0.0,0.0,0.9%,WR
206,Vyncint Smith (NYJ),0,0,0,0.0,0,0,0,0,0,0,0,0,0.0,0.0,0.0%,WR
207,Derrick Willies (CLE),0,0,0,0.0,0,0,0,0,0,0,0,0,0.0,0.0,0.0%,WR
208,Josh Hammond (JAC),0,0,0,0.0,0,0,0,0,0,0,0,0,0.0,0.0,0.0%,WR
209,J.J. Koski (LAR),0,0,0,0.0,0,0,0,0,0,0,0,0,0.0,0.0,0.0%,WR
210,Austin Watkins Jr. (SF),0,0,0,0.0,0,0,0,0,0,0,0,0,0.0,0.0,0.0%,WR
211,Frank Darby (ATL),0,0,0,0.0,0,0,0,0,0,0,0,0,0.0,0.0,0.0%,WR
212,Warren Jackson (LAR),0,0,0,0.0,0,0,0,0,0,0,0,0,0.0,0.0,0.0%,WR
213,Joshua Palmer (LAC),0,0,0,0.0,0,0,0,0,0,0,0,0,0.0,0.0,0.6%,WR
214,Ben Skowronek (LAR),0,0,0,0.0,0,0,0,0,0,0,0,0,0.0,0.0,0.6%,WR
215,Damon Hazelton (HOU),0,0,0,0.0,0,0,0,0,0,0,0,0,0.0,0.0,0.0%,WR
216,Cornell Powell (KC),0,0,0,0.0,0,0,0,0,0,0,0,0,0.0,0.0,0.0%,WR
217,Cade Johnson (SEA),0,0,0,0.0,0,0,0,0,0,0,0,0,0.0,0.0,0.0%,WR
218,Dax Milne (WAS),0,0,0,0.0,0,0,0,0,0,0,0,0,0.0,0.0,0.0%,WR
219,Jaelon Darden (TB),0,0,0,0.0,0,0,0,0,0,0,0,0,0.0,0.0,0.1%,WR
220,D'Wayne Eskridge (SEA),0,0,0,0.0,0,0,0,0,0,0,0,0,0.0,0.0,0.7%,WR
221,Chris Blair (GB),0,0,0,0.0,0,0,0,0,0,0,0,0,0.0,0.0,0.0%,WR
222,Jacob Harris (LAR),0,0,0,0.0,0,0,0,0,0,0,0,0,0.0,0.0,0.1%,WR
223,Brandon Smith (DAL),0,0,0,0.0,0,0,0,0,0,0,0,0,0.0,0.0,0.0%,WR
224,Rico Bussey (PIT),0,0,0,0.0,0,0,0,0,0,0,0,0,0.0,0.0,0.0%,WR
225,Javon McKinley (DET),0,0,0,0.0,0,0,0,0,0,0,0,0,0.0,0.0,0.0%,WR
226,Osirus Mitchell (DAL),0,0,0,0.0,0,0,0,0,0,0,0,0,0.0,0.0,0.0%,WR
227,Kawaan Baker (NO),0,0,0,0.0,0,0,0,0,0,0,0,0,0.0,0.0,0.0%,WR
228,Tre Nixon (NE),0,0,0,0.0,0,0,0,0,0,0,0,0,0.0,0.0,0.0%,WR
229,Jalen Camp (HOU),0,0,0,0.0,0,0,0,0,0,0,0,0,0.0,0.0,0.0%,WR
230,Racey McMath (TEN),0,0,0,0.0,0,0,0,0,0,0,0,0,0.0,0.0,0.0%,WR
231,Austin Trammell (ATL),0,0,0,0.0,0,0,0,0,0,0,0,0,0.0,0.0,0.0%,WR
232,Terrace Marshall Jr. (CAR),0,0,0,0.0,0,0,0,0,0,0,0,0,0.0,0.0,4.1%,WR
233,Myron Mitchell (MIN),0,0,0,0.0,0,0,0,0,0,0,0,0,0.0,0.0,0.0%,WR
234,Micah Simon (CAR),0,0,0,0.0,0,0,0,0,0,0,0,0,0.0,0.0,0.0%,WR
235,Simi Fehoko (DAL),0,0,0,0.0,0,0,0,0,0,0,0,0,0.0,0.0,0.1%,WR
236,C.J. Saunders (CAR),0,0,0,0.0,0,0,0,0,0,0,0,0,0.0,0.0,0.0%,WR
237,Michael Bandy (LAC),0,0,0,0.0,0,0,0,0,0,0,0,0,0.0,0.0,0.0%,WR
238,Landen Akers (LAR),0,0,0,0.0,0,0,0,0,0,0,0,0,0.0,0.0,0.0%,WR
239,Donte Sylencieux (BAL),0,0,0,0.0,0,0,0,0,0,0,0,0,0.0,0.0,0.0%,WR
240,Tim Jones (JAC),0,0,0,0.0,0,0,0,0,0,0,0,0,0.0,0.0,0.0%,WR
241,Dillon Stoner (LV),0,0,0,0.0,0,0,0,0,0,0,0,0,0.0,0.0,0.0%,WR
242,DJ Turner (LV),0,0,0,0.0,0,0,0,0,0,0,0,0,0.0,0.0,0.0%,WR
243,Connor Wedington (SF),0,0,0,0.0,0,0,0,0,0,0,0,0,0.0,0.0,0.0%,WR
244,Mike Strachan (IND),0,0,0,0.0,0,0,0,0,0,0,0,0,0.0,0.0,0.1%,WR
245,Dez Fitzpatrick (TEN),0,0,0,0.0,0,0,0,0,0,0,0,0,0.0,0.0,0.1%,WR
246,Anthony Schwartz (CLE),0,0,0,0.0,0,0,0,0,0,0,0,0,0.0,0.0,0.4%,WR
247,Dazz Newsome (CHI),0,0,0,0.0,0,0,0,0,0,0,0,0,0.0,0.0,0.0%,WR
248,Kadarius Toney (NYG),0,0,0,0.0,0,0,0,0,0,0,0,0,0.0,0.0,45.2%,WR
249,Seth Williams (DEN),0,0,0,0.0,0,0,0,0,0,0,0,0,0.0,0.0,0.0%,WR
250,T.J. Vasher (DAL),0,0,0,0.0,0,0,0,0,0,0,0,0,0.0,0.0,0.0%,WR
251,Ihmir Smith-Marsette (MIN),0,0,0,0.0,0,0,0,0,0,0,0,0,0.0,0.0,0.1%,WR
252,Elijah Moore (NYJ),0,0,0,0.0,0,0,0,0,0,0,0,0,0.0,0.0,43.7%,WR
253,Dyami Brown (WAS),0,0,0,0.0,0,0,0,0,0,0,0,0,0.0,0.0,0.6%,WR
254,Shi Smith (CAR),0,0,0,0.0,0,0,0,0,0,0,0,0,0.0,0.0,0.1%,WR
255,Demetric Felton (CLE),0,0,0,0.0,0,0,0,0,0,0,0,0,0.0,0.0,1.9%,WR
256,Pooka Williams Jr. (CIN),0,0,0,0.0,0,0,0,0,0,0,0,0,0.0,0.0,0.0%,WR
257,Dan Chisena (MIN),0,0,0,0.0,0,0,0,0,0,0,0,0,0.0,0.0,0.0%,WR
258,Andre Baccellia (ARI),0,0,0,0.0,0,0,0,0,0,0,0,0,0.0,0.0,0.0%,WR
259,Maurice Ffrench (LAC),0,0,0,0.0,0,0,0,0,0,0,0,0,0.0,0.0,0.0%,WR
260,Jeff Cotton (JAC),0,0,0,0.0,0,0,0,0,0,0,0,0,0.0,0.0,0.0%,WR
261,Bug Howard (BUF),0,0,0,0.0,0,0,0,0,0,0,0,0,0.0,0.0,0.0%,WR
262,Tutu Atwell (LAR),0,0,0,0.0,0,0,0,0,0,0,0,0,0.0,0.0,0.3%,WR
263,Marquez Stevenson (BUF),0,0,0,0.0,0,0,0,0,0,0,0,0,0.0,0.0,0.0%,WR
264,Amari Rodgers (GB),0,0,0,0.0,0,0,0,0,0,0,0,0,0.0,0.0,0.4%,WR
265,Nico Collins (HOU),0,0,0,0.0,0,0,0,0,0,0,0,0,0.0,0.0,1.2%,WR
266,Marvin Jones Jr. (JAC),0,0,0,0.0,0,0,0,0,0,0,0,0,0.0,0.0,75.7%,WR
267,Travis Benjamin (SF),0,0,0,0.0,0,0,0,0,0,0,0,0,0.0,0.0,0.0%,WR
268,Patrick Edwards (DET),0,0,0,0.0,0,0,0,0,0,0,0,0,0.0,0.0,0.0%,WR
269,T.Y. Hilton (IND),0,0,0,0.0,0,0,0,0,0,0,0,0,0.0,0.0,34.2%,WR
270,Mohamed Sanu Sr. (SF),0,0,0,0.0,0,0,0,0,0,0,0,0,0.0,0.0,0.1%,WR
271,Josh Gordon (KC),0,0,0,0.0,0,0,0,0,0,0,0,0,0.0,0.0,3.1%,WR
272,Michael Calvin (TEN),0,0,0,0.0,0,0,0,0,0,0,0,0,0.0,0.0,0.0%,WR
273,Scotty McKnight (NYJ),0,0,0,0.0,0,0,0,0,0,0,0,0,0.0,0.0,0.0%,WR
274,Randall Cobb (GB),0,0,0,0.0,0,0,0,0,0,0,0,0,0.0,0.0,15.7%,WR
275,Julio Jones (TEN),0,0,0,0.0,0,0,0,0,0,0,0,0,0.0,0.0,79.5%,WR
276,Eron Riley (NYJ),0,0,0,0.0,0,0,0,0,0,0,0,0,0.0,0.0,0.0%,WR
277,Demario Ballard (DET),0,0,0,0.0,0,0,0,0,0,0,0,0,0.0,0.0,0.0%,WR
278,Andy Fantuz (CHI),0,0,0,0.0,0,0,0,0,0,0,0,0,0.0,0.0,0.0%,WR
279,Jaron Brown (ARI),0,0,0,0.0,0,0,0,0,0,0,0,0,0.0,0.0,0.0%,WR
280,Jarvis Landry (CLE),0,0,0,0.0,0,0,0,0,0,0,0,0,0.0,0.0,76.9%,WR
281,Odell Beckham Jr. (LAR),0,0,0,0.0,0,0,0,0,0,0,0,0,0.0,0.0,85.2%,WR
282,Allen Robinson II (CHI),0,0,0,0.0,0,0,0,0,0,0,0,0,0.0,0.0,74.5%,WR
283,Donte Moncrief (HOU),0,0,0,0.0,0,0,0,0,0,0,0,0,0.0,0.0,0.0%,WR
284,Jordan Matthews (SF),0,0,0,0.0,0,0,0,0,0,0,0,0,0.0,0.0,0.0%,WR
285,Davante Adams (GB),0,0,0,0.0,0,0,0,0,0,0,0,0,0.0,0.0,100.0%,WR
286,Brandin Cooks (HOU),0,0,0,0.0,0,0,0,0,0,0,0,0,0.0,0.0,92.8%,WR
287,Mike Evans (TB),0,0,0,0.0,0,0,0,0,0,0,0,0,0.0,0.0,99.0%,WR
288,Sammy Watkins (BAL),0,0,0,0.0,0,0,0,0,0,0,0,0,0.0,0.0,9.4%,WR
289,Cole Beasley (BUF),0,0,0,0.0,0,0,0,0,0,0,0,0,0.0,0.0,76.4%,WR
290,Marquise Goodwin (CHI),0,0,0,0.0,0,0,0,0,0,0,0,0,0.0,0.0,0.2%,WR
291,Tavon Austin (JAC),0,0,0,0.0,0,0,0,0,0,0,0,0,0.0,0.0,0.0%,WR
292,DeAndre Hopkins (ARI),0,0,0,0.0,0,0,0,0,0,0,0,0,0.0,0.0,99.4%,WR
293,Keenan Allen (LAC),0,0,0,0.0,0,0,0,0,0,0,0,0,0.0,0.0,99.0%,WR
294,Cordarrelle Patterson (ATL),0,0,0,0.0,0,0,0,0,0,0,0,0,0.0,0.0,95.1%,WR
295,Kenny Stills (NO),0,0,0,0.0,0,0,0,0,0,0,0,0,0.0,0.0,0.1%,WR
296,Robert Woods (LAR),0,0,0,0.0,0,0,0,0,0,0,0,0,0.0,0.0,60.6%,WR
297,A.J. Green (ARI),0,0,0,0.0,0,0,0,0,0,0,0,0,0.0,0.0,41.1%,WR
298,John Standeford (DET),0,0,0,0.0,0,0,0,0,0,0,0,0,0.0,0.0,0.0%,WR
299,Jerricho Cotchery (FA),57,96,821,14.4,53,0,3,2,7,1,0,14,0.0,0.0,0.0%,WR
300,Jerome Simpson (FA),0,1,0,0.0,0,0,0,0,0,0,0,2,0.0,0.0,0.0%,WR
301,Jeremy Maclin (FA),56,92,773,13.8,56,0,4,2,-7,0,0,15,0.0,0.0,0.0%,WR
302,Jason Avant (FA),41,58,587,14.3,58,0,3,0,0,0,0,16,0.0,0.0,0.0%,WR
303,Jarett Dillard (FA),6,8,106,17.7,33,0,0,0,0,0,0,7,0.0,0.0,0.0%,WR
304,James Jones (FA),32,62,440,13.8,74,0,5,0,0,0,0,16,0.0,0.0,0.0%,WR
305,Jacoby Jones (FA),27,40,437,16.2,45,0,6,3,22,0,0,14,0.0,0.0,0.0%,WR
306,Hakeem Nicks (FA),47,74,790,16.8,68,0,6,2,8,0,0,14,0.0,0.0,0.0%,WR
307,Greg Jennings (FA),68,119,1113,16.4,83,0,4,0,0,0,0,16,0.0,0.0,0.0%,WR
308,Eric Weems (FA),6,6,50,8.3,30,0,2,8,53,0,2,16,0.0,0.0,0.0%,WR
309,Eddie Royal (FA),37,79,345,9.3,20,0,0,1,1,0,0,14,0.0,0.0,0.0%,WR
310,Kevin Ogletree (FA),7,8,96,13.7,21,0,0,1,6,0,0,11,0.0,0.0,0.0%,WR
311,Mario Manningham (FA),57,99,822,14.4,49,0,5,0,0,0,1,14,0.0,0.0,0.0%,WR
312,Malcom Floyd (FA),45,76,776,17.2,53,0,1,0,0,0,0,16,0.0,0.0,0.0%,WR
313,Louis Murphy (FA),34,96,521,15.3,75,0,4,6,31,0,0,16,0.0,0.0,0.0%,WR
314,Lavelle Hawkins (FA),7,14,110,15.7,32,0,0,0,0,0,0,10,0.0,0.0,0.0%,WR
315,Lance Moore (FA),14,19,153,10.9,22,0,2,0,0,0,0,7,0.0,0.0,0.0%,WR
316,Lance Long (SF),0,0,0,0.0,0,0,0,0,0,0,0,0,0.0,0.0,0.0%,WR
317,Kevin Walter (FA),53,70,611,11.5,41,0,2,4,26,0,0,14,0.0,0.0,0.0%,WR
318,Kenny McKinley (DEN),0,0,0,0.0,0,0,0,0,0,0,0,0,0.0,0.0,0.0%,WR
319,Kenny Britt (FA),42,75,701,16.7,57,0,3,0,0,0,1,16,0.0,0.0,0.0%,WR
320,Kassim Osgood (FA),1,5,17,17.0,17,0,0,0,0,0,0,16,0.0,0.0,0.0%,WR
321,Juaquin Iglesias (MIN),0,0,0,0.0,0,0,0,0,0,0,0,0,0.0,0.0,0.0%,WR
322,Josh Morgan (FA),52,81,527,10.1,61,0,3,5,61,0,0,16,0.0,0.0,0.0%,WR
323,Josh Cribbs (FA),20,37,135,6.8,35,0,1,55,381,1,2,16,0.0,0.0,0.0%,WR
324,Jordy Nelson (FA),22,31,320,14.5,51,0,2,0,0,0,1,13,0.0,0.0,0.1%,WR
325,Earl Bennett (FA),54,88,717,13.3,71,0,2,0,0,0,0,16,0.0,0.0,0.0%,WR
326,Dwayne Bowe (FA),47,87,589,12.5,41,0,4,0,0,0,0,11,0.0,0.0,0.0%,WR
327,Brandon Gibson (FA),34,69,348,10.2,23,0,1,0,0,0,1,10,0.0,0.0,0.0%,WR
328,Brian Robiskie (FA),7,20,106,15.1,43,0,0,0,0,0,0,11,0.0,0.0,0.0%,WR
329,Brian Hartline (FA),31,56,506,16.3,67,0,3,4,29,1,0,16,0.0,0.0,0.0%,WR
330,Brett Swain (FA),0,1,0,0.0,0,0,0,0,0,0,0,6,0.0,0.0,0.0%,WR
331,Braylon Edwards (FA),45,95,680,15.1,65,0,4,0,0,0,1,16,0.0,0.0,0.0%,WR
332,Brandon Tate (FA),0,2,0,0.0,0,0,0,1,11,0,0,2,0.0,0.0,0.0%,WR
333,Brandon Stokley (FA),19,33,327,17.2,87,0,4,0,0,0,0,16,0.0,0.0,0.0%,WR
334,Brandon Marshall (FA),101,154,1120,11.1,75,0,10,7,39,0,0,15,0.0,0.0,2.6%,WR
335,Brandon Lloyd (FA),8,18,117,14.6,44,0,0,0,0,0,0,2,0.0,0.0,0.0%,WR
336,Brad Smith (FA),7,12,63,9.0,19,0,0,18,207,1,0,13,0.0,0.0,0.0%,WR
337,Bobby Wade (WAS),0,0,0,0.0,0,0,0,0,0,0,0,0,0.0,0.0,0.0%,WR
338,Ben Obomanu (FA),4,5,41,10.3,12,0,0,0,0,0,1,14,0.0,0.0,0.0%,WR
339,Austin Collie (FA),60,89,676,11.3,39,0,7,2,1,0,0,16,0.0,0.0,0.0%,WR
340,Anquan Boldin (FA),84,127,1024,12.2,44,0,4,3,12,1,2,15,0.0,0.0,0.1%,WR
341,Andre Johnson (FA),101,171,1569,15.5,72,0,9,2,10,0,0,16,0.0,0.0,0.0%,WR
342,Calvin Johnson (FA),67,137,984,14.7,75,0,5,7,73,0,2,14,0.0,0.0,0.1%,WR
343,Donnie Avery (FA),47,97,589,12.5,50,0,5,4,30,0,2,16,0.0,0.0,0.0%,WR
344,Donald Driver (FA),70,112,1061,15.2,71,0,6,1,13,0,1,16,0.0,0.0,0.0%,WR
345,Domenik Hixon (FA),15,28,187,12.5,61,0,1,0,0,0,2,14,0.0,0.0,0.0%,WR
346,Devin Thomas (FA),25,47,325,13.0,40,0,3,3,-2,0,0,14,0.0,0.0,0.0%,WR
347,Devin Hester (FA),57,91,757,13.3,48,0,3,6,-1,0,1,13,0.0,0.0,0.4%,WR
348,Devin Aromashodu (FA),24,43,298,12.4,39,0,4,0,0,0,0,10,0.0,0.0,0.0%,WR
349,Devery Henderson (FA),51,83,804,15.8,75,0,2,4,13,0,0,16,0.0,0.0,0.0%,WR
350,Derek Hagan (FA),8,8,101,12.6,23,0,1,0,0,0,0,16,0.0,0.0,0.0%,WR
351,Deon Butler (FA),15,42,175,11.7,32,0,0,0,0,0,0,16,0.0,0.0,0.0%,WR
352,Davone Bess (FA),76,113,758,10.0,34,0,2,2,11,0,3,16,0.0,0.0,0.0%,WR
353,Darrius Heyward-Bey (FA),9,40,124,13.8,24,0,1,2,19,0,0,11,0.0,0.0,0.0%,WR
354,Danny Amendola (HOU),43,63,326,7.6,25,0,1,3,-2,0,1,14,0.0,0.0,0.2%,WR
355,Courtney Roby (FA),1,1,6,6.0,6,0,0,0,0,0,1,15,0.0,0.0,0.0%,WR
356,Chris Henry (CIN),0,0,0,0.0,0,0,0,0,0,0,0,0,0.0,0.0,0.0%,WR
357,Chaz Schilens (FA),29,52,365,12.6,25,0,2,0,0,0,0,8,0.0,0.0,0.0%,WR
358,Charly Martin (FA),1,2,6,6.0,6,0,0,0,0,0,0,7,0.0,0.0,0.0%,WR
359,Taj Smith (IND),0,0,0,0.0,0,0,0,0,0,0,0,0,0.0,0.0,0.0%,WR
360,Jordan Norwood (FA),0,0,0,0.0,0,0,0,0,0,0,0,1,0.0,0.0,0.0%,WR
361,Dominique Edison (DAL),0,0,0,0.0,0,0,0,0,0,0,0,0,0.0,0.0,0.0%,WR
362,Emmanuel Sanders (BUF),0,0,0,0.0,0,0,0,0,0,0,0,0,0.0,0.0,79.4%,WR
363,Andre Roberts (LAC),0,0,0,0.0,0,0,0,0,0,0,0,0,0.0,0.0,0.0%,WR
364,Onrea Jones (CHI),0,0,0,0.0,0,0,0,0,0,0,0,0,0.0,0.0,0.0%,WR
365,Wes Welker (FA),123,162,1348,11.0,58,0,4,5,36,0,0,14,0.0,0.0,0.0%,WR
366,Antonio Brown (TB),0,0,0,0.0,0,0,0,0,0,0,0,0,0.0,0.0,91.5%,WR
367,Jeremy Williams (LAC),0,0,0,0.0,0,0,0,0,0,0,0,0,0.0,0.0,0.0%,WR
368,Marko Mitchell (MIN),0,0,0,0.0,0,0,0,0,0,0,0,0,0.0,0.0,0.0%,WR
369,Miles Austin (FA),81,124,1320,16.3,60,0,11,2,-2,0,0,16,0.0,0.0,0.0%,WR
370,Ramses Barden (FA),1,1,16,16.0,16,0,0,0,0,0,0,3,0.0,0.0,0.0%,WR
371,Pierre Garcon (FA),47,92,765,16.3,66,0,4,2,10,0,0,14,0.0,0.0,0.0%,WR
372,Percy Harvin (FA),60,91,790,13.2,51,0,6,15,135,0,0,15,0.0,0.0,0.1%,WR
373,Nate Washington (FA),47,95,569,12.1,35,0,6,2,15,0,0,16,0.0,0.0,0.0%,WR
374,Nate Hughes (JAC),0,0,0,0.0,0,0,0,0,0,0,0,0,0.0,0.0,0.0%,WR
375,Nate Burleson (FA),63,103,812,12.9,44,0,3,2,4,0,2,13,0.0,0.0,0.0%,WR
376,Mohamed Massaquoi (FA),34,95,624,18.4,59,0,3,1,-3,0,1,16,0.0,0.0,0.0%,WR
377,Mike Wallace (FA),39,72,756,19.4,60,0,6,5,48,0,1,16,0.0,0.0,0.0%,WR
378,Mike Thomas (FA),48,62,453,9.4,28,0,1,12,86,0,1,14,0.0,0.0,0.0%,WR
379,Mike Furrey (WAS),0,0,0,0.0,0,0,0,0,0,0,0,0,0.0,0.0,0.0%,WR
380,Micheal Spurlock (FA),0,0,0,0.0,0,0,0,1,3,0,0,6,0.0,0.0,0.0%,WR
381,Michael Jenkins (FA),50,90,635,12.7,50,0,1,0,0,0,0,15,0.0,0.0,0.0%,WR
382,Michael Crabtree (FA),48,86,625,13.0,50,0,2,0,0,0,1,11,0.0,0.0,0.1%,WR
383,Maurice Purify (CIN),0,0,0,0.0,0,0,0,0,0,0,0,0,0.0,0.0,0.0%,WR
384,Matt Willis (FA),0,0,0,0.0,0,0,0,0,0,0,0,1,0.0,0.0,0.0%,WR
385,Marques Colston (FA),70,107,1074,15.3,68,0,9,1,6,0,2,16,0.0,0.0,0.0%,WR
386,Reggie Wayne (FA),100,149,1264,12.6,65,0,10,0,0,0,0,16,0.0,0.0,0.0%,WR
387,Robert Meachem (FA),45,64,722,16.0,54,0,9,6,82,0,1,16,0.0,0.0,0.0%,WR
388,Vincent Jackson (FA),68,108,1167,17.2,55,0,9,3,11,0,0,15,0.0,0.0,0.0%,WR
389,Tyler Grisham (PIT),0,0,0,0.0,0,0,0,0,0,0,0,0,0.0,0.0,0.0%,WR
390,Todd Watkins (NYG),0,0,0,0.0,0,0,0,0,0,0,0,0,0.0,0.0,0.0%,WR
391,Tiquan Underwood (FA),0,0,0,0.0,0,0,0,0,0,0,0,3,0.0,0.0,0.0%,WR
392,Terrance Copper (FA),4,6,68,17.0,50,0,0,0,0,0,0,15,0.0,0.0,0.0%,WR
393,Steve Smith (FA),65,128,982,15.1,66,0,7,5,22,0,0,15,0.0,0.0,0.0%,WR
394,Steve Johnson (FA),2,3,10,5.0,5,0,0,0,0,0,0,5,0.0,0.0,0.0%,WR
395,Rod Harper (PHI),0,0,0,0.0,0,0,0,0,0,0,0,0,0.0,0.0,0.0%,WR
396,Sidney Rice (FA),83,121,1312,15.8,63,0,8,0,0,0,1,16,0.0,0.0,0.0%,WR
397,Santonio Holmes (FA),79,138,1248,15.8,57,0,5,3,6,0,0,16,0.0,0.0,0.0%,WR
398,Santana Moss (FA),70,120,902,12.9,59,0,3,2,8,0,1,16,0.0,0.0,0.0%,WR
399,Sammie Stroughter (FA),31,58,334,10.8,35,0,1,0,0,0,0,13,0.0,0.0,0.0%,WR
400,Sam Giguere (NYG),0,0,0,0.0,0,0,0,0,0,0,0,0,0.0,0.0,0.0%,WR
401,Ruvell Martin (FA),6,12,99,16.5,33,0,0,0,0,0,0,8,0.0,0.0,0.0%,WR
402,Roscoe Parrish (FA),3,4,34,11.3,16,0,0,2,4,0,3,12,0.0,0.0,0.0%,WR
403,Roddy White (FA),85,165,1153,13.6,90,0,11,1,2,0,0,16,0.0,0.0,0.0%,WR
404,Tim Patrick (DEN),0,0,0,0.0,0,0,0,0,0,0,0,0,0.0,0.0,29.7%,WR
405,Tajae Sharpe (ATL),0,0,0,0.0,0,0,0,0,0,0,0,0,0.0,0.0,3.5%,WR
406,Demarcus Robinson (KC),0,0,0,0.0,0,0,0,0,0,0,0,0,0.0,0.0,1.0%,WR
407,Chris Moore (HOU),0,0,0,0.0,0,0,0,0,0,0,0,0,0.0,0.0,0.1%,WR
408,Will Fuller V (MIA),0,0,0,0.0,0,0,0,0,0,0,0,0,0.0,0.0,30.1%,WR
409,Rashard Higgins (CLE),0,0,0,0.0,0,0,0,0,0,0,0,0,0.0,0.0,0.7%,WR
410,Jakeem Grant Sr. (CHI),0,0,0,0.0,0,0,0,0,0,0,0,0,0.0,0.0,0.1%,WR
411,Sterling Shepard (NYG),0,0,0,0.0,0,0,0,0,0,0,0,0,0.0,0.0,42.0%,WR
412,Pharoh Cooper (NYG),0,0,0,0.0,0,0,0,0,0,0,0,0,0.0,0.0,0.0%,WR
413,Tyler Boyd (CIN),0,0,0,0.0,0,0,0,0,0,0,0,0,0.0,0.0,69.5%,WR
414,Michael Thomas (NO),0,0,0,0.0,0,0,0,0,0,0,0,0,0.0,0.0,27.0%,WR
415,Laquon Treadwell (JAC),0,0,0,0.0,0,0,0,0,0,0,0,0,0.0,0.0,0.0%,WR
416,Marcus Johnson (TEN),0,0,0,0.0,0,0,0,0,0,0,0,0,0.0,0.0,0.0%,WR
417,Johnny Holton (NYG),0,0,0,0.0,0,0,0,0,0,0,0,0,0.0,0.0,0.0%,WR
418,Tyreek Hill (KC),0,0,0,0.0,0,0,0,0,0,0,0,0,0.0,0.0,100.0%,WR
419,Robby Anderson (CAR),0,0,0,0.0,0,0,0,0,0,0,0,0,0.0,0.0,45.6%,WR
420,Alex Erickson (CAR),0,0,0,0.0,0,0,0,0,0,0,0,0,0.0,0.0,0.0%,WR
421,Geronimo Allison (DET),0,0,0,0.0,0,0,0,0,0,0,0,0,0.0,0.0,0.0%,WR
422,Adam Humphries (WAS),0,0,0,0.0,0,0,0,0,0,0,0,0,0.0,0.0,0.7%,WR
423,Darius Jennings (DET),0,0,0,0.0,0,0,0,0,0,0,0,0,0.0,0.0,0.0%,WR
424,JuJu Smith-Schuster (PIT),0,0,0,0.0,0,0,0,0,0,0,0,0,0.0,0.0,21.6%,WR
425,Chris Godwin (TB),0,0,0,0.0,0,0,0,0,0,0,0,0,0.0,0.0,98.6%,WR
426,John Ross (NYG),0,0,0,0.0,0,0,0,0,0,0,0,0,0.0,0.0,0.2%,WR
427,Corey Davis (NYJ),0,0,0,0.0,0,0,0,0,0,0,0,0,0.0,0.0,67.5%,WR
428,Mike Williams (LAC),0,0,0,0.0,0,0,0,0,0,0,0,0,0.0,0.0,96.0%,WR
429,Zay Jones (LV),0,0,0,0.0,0,0,0,0,0,0,0,0,0.0,0.0,0.8%,WR
430,Chad Hansen (DET),0,0,0,0.0,0,0,0,0,0,0,0,0,0.0,0.0,0.0%,WR
431,Isaiah Ford (MIA),0,0,0,0.0,0,0,0,0,0,0,0,0,0.0,0.0,0.0%,WR
432,Tommylee Lewis (NO),0,0,0,0.0,0,0,0,0,0,0,0,0,0.0,0.0,0.0%,WR
433,Andre Caldwell (FA),51,80,432,8.5,24,0,3,3,22,0,2,16,0.0,0.0,0.0%,WR
434,Trent Taylor (CIN),0,0,0,0.0,0,0,0,0,0,0,0,0,0.0,0.0,0.0%,WR
435,Robert Davis (LV),0,0,0,0.0,0,0,0,0,0,0,0,0,0.0,0.0,0.0%,WR
436,Rodney Adams (CHI),0,0,0,0.0,0,0,0,0,0,0,0,0,0.0,0.0,0.0%,WR
437,Cooper Kupp (LAR),0,0,0,0.0,0,0,0,0,0,0,0,0,0.0,0.0,99.9%,WR
438,Mack Hollins (MIA),0,0,0,0.0,0,0,0,0,0,0,0,0,0.0,0.0,0.6%,WR
439,Kenny Golladay (NYG),0,0,0,0.0,0,0,0,0,0,0,0,0,0.0,0.0,56.2%,WR
440,Shelton Gibson (CAR),0,0,0,0.0,0,0,0,0,0,0,0,0,0.0,0.0,0.0%,WR
441,Noah Brown (DAL),0,0,0,0.0,0,0,0,0,0,0,0,0,0.0,0.0,0.1%,WR
442,Josh Reynolds (DET),0,0,0,0.0,0,0,0,0,0,0,0,0,0.0,0.0,0.7%,WR
443,Dede Westbrook (MIN),0,0,0,0.0,0,0,0,0,0,0,0,0,0.0,0.0,0.1%,WR
444,Amara Darboh (DEN),0,0,0,0.0,0,0,0,0,0,0,0,0,0.0,0.0,0.0%,WR
445,Curtis Samuel (WAS),0,0,0,0.0,0,0,0,0,0,0,0,0,0.0,0.0,18.0%,WR
446,Jake Lampman (NO),0,0,0,0.0,0,0,0,0,0,0,0,0,0.0,0.0,0.0%,WR
447,Mike Thomas (CIN),0,0,0,0.0,0,0,0,0,0,0,0,0,0.0,0.0,0.1%,WR
448,Chester Rogers (TEN),0,0,0,0.0,0,0,0,0,0,0,0,0,0.0,0.0,0.7%,WR
449,Marken Michel (WAS),0,0,0,0.0,0,0,0,0,0,0,0,0,0.0,0.0,0.0%,WR
450,Andy Jones (NYG),0,0,0,0.0,0,0,0,0,0,0,0,0,0.0,0.0,0.0%,WR
451,Jaydon Mickens (TB),0,0,0,0.0,0,0,0,0,0,0,0,0,0.0,0.0,0.0%,WR
452,Kalif Raymond (DET),0,0,0,0.0,0,0,0,0,0,0,0,0,0.0,0.0,7.7%,WR
453,Reece Horn (CIN),0,0,0,0.0,0,0,0,0,0,0,0,0,0.0,0.0,0.0%,WR
454,Allen Hurns (MIA),0,0,0,0.0,0,0,0,0,0,0,0,0,0.0,0.0,0.0%,WR
455,Willie Snead IV (CAR),0,0,0,0.0,0,0,0,0,0,0,0,0,0.0,0.0,0.1%,WR
456,Adam Thielen (MIN),0,0,0,0.0,0,0,0,0,0,0,0,0,0.0,0.0,98.2%,WR
457,Bennie Fowler III (SF),0,0,0,0.0,0,0,0,0,0,0,0,0,0.0,0.0,0.0%,WR
458,Albert Wilson (MIA),0,0,0,0.0,0,0,0,0,0,0,0,0,0.0,0.0,0.1%,WR
459,John Brown (JAC),0,0,0,0.0,0,0,0,0,0,0,0,0,0.0,0.0,1.3%,WR
460,Tom Nelson (FA),0,0,0,0.0,0,0,0,0,0,0,0,12,0.0,0.0,0.0%,WR
461,Stefon Diggs (BUF),0,0,0,0.0,0,0,0,0,0,0,0,0,0.0,0.0,100.0%,WR
462,Phillip Dorsett II (SEA),0,0,0,0.0,0,0,0,0,0,0,0,0,0.0,0.0,0.0%,WR
463,Ty Montgomery (NO),0,0,0,0.0,0,0,0,0,0,0,0,0,0.0,0.0,0.1%,WR
464,Jamison Crowder (NYJ),0,0,0,0.0,0,0,0,0,0,0,0,0,0.0,0.0,24.6%,WR
465,Breshad Perriman (TB),0,0,0,0.0,0,0,0,0,0,0,0,0,0.0,0.0,0.8%,WR
466,Tyler Lockett (SEA),0,0,0,0.0,0,0,0,0,0,0,0,0,0.0,0.0,97.7%,WR
467,Justin Hardy (CHI),0,0,0,0.0,0,0,0,0,0,0,0,0,0.0,0.0,0.0%,WR
468,Jake Kumerow (BUF),0,0,0,0.0,0,0,0,0,0,0,0,0,0.0,0.0,0.1%,WR
469,J.J. Nelson (IND),0,0,0,0.0,0,0,0,0,0,0,0,0,0.0,0.0,0.0%,WR
470,Damiere Byrd (CHI),0,0,0,0.0,0,0,0,0,0,0,0,0,0.0,0.0,0.1%,WR
471,Chris Conley (HOU),0,0,0,0.0,0,0,0,0,0,0,0,0,0.0,0.0,0.4%,WR
472,DeAndre Carter (WAS),0,0,0,0.0,0,0,0,0,0,0,0,0,0.0,0.0,0.7%,WR
473,Nelson Agholor (NE),0,0,0,0.0,0,0,0,0,0,0,0,0,0.0,0.0,17.4%,WR
474,Diontae Spencer (DEN),0,0,0,0.0,0,0,0,0,0,0,0,0,0.0,0.0,0.1%,WR
475,Kevin White (NO),0,0,0,0.0,0,0,0,0,0,0,0,0,0.0,0.0,0.0%,WR
476,DeVante Parker (MIA),0,0,0,0.0,0,0,0,0,0,0,0,0,0.0,0.0,44.2%,WR
477,Amari Cooper (DAL),0,0,0,0.0,0,0,0,0,0,0,0,0,0.0,0.0,98.1%,WR
1,Jason Witten (FA),94,124,1030,11.0,69,0,2,0,0,0,0,16,209.0,13.1,0.1%,TE
2,Greg Olsen (FA),60,108,612,10.2,41,0,8,0,0,0,0,16,169.2,10.6,7.0%,TE
3,Marcedes Lewis (GB),32,59,518,16.2,47,0,2,0,0,0,0,15,95.8,6.4,0.7%,TE
4,Jared Cook (LAC),9,15,74,8.2,17,0,0,0,0,0,0,14,16.4,1.2,60.9%,TE
5,Tommy Sweeney (BUF),0,0,0,0.0,0,0,0,0,0,0,0,0,0.0,0.0,1.5%,TE
6,Donald Parham Jr. (LAC),0,0,0,0.0,0,0,0,0,0,0,0,0,0.0,0.0,0.7%,TE
7,Kaden Smith (NYG),0,0,0,0.0,0,0,0,0,0,0,0,0,0.0,0.0,0.0%,TE
8,Mitchell Fraboni (HOU),0,0,0,0.0,0,0,0,0,0,0,0,0,0.0,0.0,0.0%,TE
9,Matt Sokol (JAC),0,0,0,0.0,0,0,0,0,0,0,0,0,0.0,0.0,0.0%,TE
10,T.J. Hockenson (DET),0,0,0,0.0,0,0,0,0,0,0,0,0,0.0,0.0,96.8%,TE
11,Matthew Orzech (LAR),0,0,0,0.0,0,0,0,0,0,0,0,0,0.0,0.0,0.0%,TE
12,Justin Johnson (ARI),0,0,0,0.0,0,0,0,0,0,0,0,0,0.0,0.0,0.0%,TE
13,Ian Bunting (DAL),0,0,0,0.0,0,0,0,0,0,0,0,0,0.0,0.0,0.0%,TE
14,Parker Hesse (ATL),0,0,0,0.0,0,0,0,0,0,0,0,0,0.0,0.0,0.0%,TE
15,Jody Fortson (KC),0,0,0,0.0,0,0,0,0,0,0,0,0,0.0,0.0,0.0%,TE
16,Austin Fort (TEN),0,0,0,0.0,0,0,0,0,0,0,0,0,0.0,0.0,0.0%,TE
17,Daniel Helm (LV),0,0,0,0.0,0,0,0,0,0,0,0,0,0.0,0.0,0.0%,TE
18,Isaac Nauta (GB),0,0,0,0.0,0,0,0,0,0,0,0,0,0.0,0.0,0.0%,TE
19,Foster Moreau (LV),0,0,0,0.0,0,0,0,0,0,0,0,0,0.0,0.0,1.0%,TE
20,Brandon Dillon (MIN),0,0,0,0.0,0,0,0,0,0,0,0,0,0.0,0.0,0.0%,TE
21,Kendall Blanton (LAR),0,0,0,0.0,0,0,0,0,0,0,0,0,0.0,0.0,0.0%,TE
22,Jesper Horsted (CHI),0,0,0,0.0,0,0,0,0,0,0,0,0,0.0,0.0,0.0%,TE
23,Josh Oliver (BAL),0,0,0,0.0,0,0,0,0,0,0,0,0,0.0,0.0,0.0%,TE
24,Drew Sample (CIN),0,0,0,0.0,0,0,0,0,0,0,0,0,0.0,0.0,0.1%,TE
25,Trevon Wesco (NYJ),0,0,0,0.0,0,0,0,0,0,0,0,0,0.0,0.0,0.0%,TE
26,Tyree Jackson (PHI),0,0,0,0.0,0,0,0,0,0,0,0,0,0.0,0.0,0.1%,TE
27,Irv Smith Jr. (MIN),0,0,0,0.0,0,0,0,0,0,0,0,0,0.0,0.0,8.0%,TE
28,Dawson Knox (BUF),0,0,0,0.0,0,0,0,0,0,0,0,0,0.0,0.0,73.8%,TE
29,Dax Raymond (PIT),0,0,0,0.0,0,0,0,0,0,0,0,0,0.0,0.0,0.0%,TE
30,Kahale Warring (BUF),0,0,0,0.0,0,0,0,0,0,0,0,0,0.0,0.0,0.0%,TE
31,Zach Gentry (PIT),0,0,0,0.0,0,0,0,0,0,0,0,0,0.0,0.0,0.1%,TE
32,Andrew Beck (DEN),0,0,0,0.0,0,0,0,0,0,0,0,0,0.0,0.0,0.0%,TE
33,Stephen Carlson (CLE),0,0,0,0.0,0,0,0,0,0,0,0,0,0.0,0.0,0.0%,TE
34,Carson Meier (MIA),0,0,0,0.0,0,0,0,0,0,0,0,0,0.0,0.0,0.0%,TE
35,Chris Myarick (NYG),0,0,0,0.0,0,0,0,0,0,0,0,0,0.0,0.0,0.0%,TE
36,Alex Smith (FA),3,8,25,8.3,11,0,0,0,0,0,0,16,0.0,0.0,0.0%,TE
37,Sean McKeon (DAL),0,0,0,0.0,0,0,0,0,0,0,0,0,0.0,0.0,0.0%,TE
38,Giovanni Ricci (CAR),0,0,0,0.0,0,0,0,0,0,0,0,0,0.0,0.0,0.0%,TE
39,Tyler Davis (GB),0,0,0,0.0,0,0,0,0,0,0,0,0,0.0,0.0,0.0%,TE
40,Tommy Stevens (NYG),0,0,0,0.0,0,0,0,0,0,0,0,0,0.0,0.0,0.1%,TE
41,Reggie Gilliam (BUF),0,0,0,0.0,0,0,0,0,0,0,0,0,0.0,0.0,0.1%,TE
42,Rashod Berry (DET),0,0,0,0.0,0,0,0,0,0,0,0,0,0.0,0.0,0.0%,TE
43,Eli Wolf (IND),0,0,0,0.0,0,0,0,0,0,0,0,0,0.0,0.0,0.0%,TE
44,Tommy Hudson (TEN),0,0,0,0.0,0,0,0,0,0,0,0,0,0.0,0.0,0.0%,TE
45,Rysen John (NYG),0,0,0,0.0,0,0,0,0,0,0,0,0,0.0,0.0,0.0%,TE
46,Ben Ellefson (MIN),0,0,0,0.0,0,0,0,0,0,0,0,0,0.0,0.0,0.0%,TE
47,Chase Harrell (SF),0,0,0,0.0,0,0,0,0,0,0,0,0,0.0,0.0,0.0%,TE
48,Farrod Green (IND),0,0,0,0.0,0,0,0,0,0,0,0,0,0.0,0.0,0.0%,TE
49,Nick Bowers (LV),0,0,0,0.0,0,0,0,0,0,0,0,0,0.0,0.0,0.0%,TE
50,Jake Bargas (MIN),0,0,0,0.0,0,0,0,0,0,0,0,0,0.0,0.0,0.0%,TE
51,Brevin Jordan (HOU),0,0,0,0.0,0,0,0,0,0,0,0,0,0.0,0.0,0.2%,TE
52,Pat Freiermuth (PIT),0,0,0,0.0,0,0,0,0,0,0,0,0,0.0,0.0,53.2%,TE
53,Kyle Pitts (ATL),0,0,0,0.0,0,0,0,0,0,0,0,0,0.0,0.0,98.9%,TE
54,Tyler Mabry (SEA),0,0,0,0.0,0,0,0,0,0,0,0,0,0.0,0.0,0.0%,TE
55,Noah Togiai (PHI),0,0,0,0.0,0,0,0,0,0,0,0,0,0.0,0.0,0.0%,TE
56,Hakeem Butler (PHI),0,0,0,0.0,0,0,0,0,0,0,0,0,0.0,0.0,0.0%,TE
57,Cole Kmet (CHI),0,0,0,0.0,0,0,0,0,0,0,0,0,0.0,0.0,14.6%,TE
58,Brycen Hopkins (LAR),0,0,0,0.0,0,0,0,0,0,0,0,0,0.0,0.0,0.1%,TE
59,Hunter Bryant (DET),0,0,0,0.0,0,0,0,0,0,0,0,0,0.0,0.0,0.0%,TE
60,Jared Pinkney (LAR),0,0,0,0.0,0,0,0,0,0,0,0,0,0.0,0.0,0.0%,TE
61,Jake Breeland (BAL),0,0,0,0.0,0,0,0,0,0,0,0,0,0.0,0.0,0.0%,TE
62,Colby Parkinson (SEA),0,0,0,0.0,0,0,0,0,0,0,0,0,0.0,0.0,0.0%,TE
63,Harrison Bryant (CLE),0,0,0,0.0,0,0,0,0,0,0,0,0,0.0,0.0,0.1%,TE
64,Adam Trautman (NO),0,0,0,0.0,0,0,0,0,0,0,0,0,0.0,0.0,3.8%,TE
65,Devin Asiasi (NE),0,0,0,0.0,0,0,0,0,0,0,0,0,0.0,0.0,0.0%,TE
66,Josiah Deguara (GB),0,0,0,0.0,0,0,0,0,0,0,0,0,0.0,0.0,0.2%,TE
67,Charlie Woerner (SF),0,0,0,0.0,0,0,0,0,0,0,0,0,0.0,0.0,0.0%,TE
68,Luke Farrell (JAC),0,0,0,0.0,0,0,0,0,0,0,0,0,0.0,0.0,0.0%,TE
69,Mitchell Wilcox (CIN),0,0,0,0.0,0,0,0,0,0,0,0,0,0.0,0.0,0.0%,TE
70,Noah Gray (KC),0,0,0,0.0,0,0,0,0,0,0,0,0,0.0,0.0,0.1%,TE
71,Juwan Johnson (NO),0,0,0,0.0,0,0,0,0,0,0,0,0,0.0,0.0,2.6%,TE
72,Dalton Keene (NE),0,0,0,0.0,0,0,0,0,0,0,0,0,0.0,0.0,0.0%,TE
73,Thaddeus Moss (CIN),0,0,0,0.0,0,0,0,0,0,0,0,0,0.0,0.0,0.0%,TE
74,Stephen Sullivan (CAR),0,0,0,0.0,0,0,0,0,0,0,0,0,0.0,0.0,0.0%,TE
75,Charlie Taumoepeau (DET),0,0,0,0.0,0,0,0,0,0,0,0,0,0.0,0.0,0.0%,TE
76,Albert Okwuegbunam (DEN),0,0,0,0.0,0,0,0,0,0,0,0,0,0.0,0.0,1.4%,TE
77,Pharaoh Brown (HOU),0,0,0,0.0,0,0,0,0,0,0,0,0,0.0,0.0,0.0%,TE
78,Dan Arnold (JAC),0,0,0,0.0,0,0,0,0,0,0,0,0,0.0,0.0,26.1%,TE
79,Colin Thompson (CAR),0,0,0,0.0,0,0,0,0,0,0,0,0,0.0,0.0,0.0%,TE
80,Bug Howard (BUF),0,0,0,0.0,0,0,0,0,0,0,0,0,0.0,0.0,0.0%,TE
81,Gerald Everett (SEA),0,0,0,0.0,0,0,0,0,0,0,0,0,0.0,0.0,11.7%,TE
82,Jonnu Smith (NE),0,0,0,0.0,0,0,0,0,0,0,0,0,0.0,0.0,29.9%,TE
83,Jeremy Sprinkle (DAL),0,0,0,0.0,0,0,0,0,0,0,0,0,0.0,0.0,0.0%,TE
84,George Kittle (SF),0,0,0,0.0,0,0,0,0,0,0,0,0,0.0,0.0,97.6%,TE
85,Antony Auclair (HOU),0,0,0,0.0,0,0,0,0,0,0,0,0,0.0,0.0,0.0%,TE
86,Robert Tonyan (GB),0,0,0,0.0,0,0,0,0,0,0,0,0,0.0,0.0,25.4%,TE
87,Jacob Hollister (JAC),0,0,0,0.0,0,0,0,0,0,0,0,0,0.0,0.0,0.0%,TE
88,Mason Schreck (CIN),0,0,0,0.0,0,0,0,0,0,0,0,0,0.0,0.0,0.0%,TE
89,Cethan Carter (MIA),0,0,0,0.0,0,0,0,0,0,0,0,0,0.0,0.0,0.0%,TE
90,Mo Alie-Cox (IND),0,0,0,0.0,0,0,0,0,0,0,0,0,0.0,0.0,8.1%,TE
91,Darrell Daniels (ARI),0,0,0,0.0,0,0,0,0,0,0,0,0,0.0,0.0,0.1%,TE
92,Blake Jarwin (DAL),0,0,0,0.0,0,0,0,0,0,0,0,0,0.0,0.0,3.5%,TE
93,Eric Saubert (DEN),0,0,0,0.0,0,0,0,0,0,0,0,0,0.0,0.0,0.0%,TE
94,Ricky Seals-Jones (WAS),0,0,0,0.0,0,0,0,0,0,0,0,0,0.0,0.0,15.3%,TE
95,Johnny Mundt (LAR),0,0,0,0.0,0,0,0,0,0,0,0,0,0.0,0.0,0.0%,TE
96,Jason Croom (PHI),0,0,0,0.0,0,0,0,0,0,0,0,0,0.0,0.0,0.0%,TE
97,Anthony Firkser (TEN),0,0,0,0.0,0,0,0,0,0,0,0,0,0.0,0.0,4.0%,TE
98,Jaeden Graham (ATL),0,0,0,0.0,0,0,0,0,0,0,0,0,0.0,0.0,0.0%,TE
99,Kevin Rader (PIT),0,0,0,0.0,0,0,0,0,0,0,0,0,0.0,0.0,0.0%,TE
100,Donnie Ernsberger (TEN),0,0,0,0.0,0,0,0,0,0,0,0,0,0.0,0.0,0.0%,TE
101,Tanner Hudson (SF),0,0,0,0.0,0,0,0,0,0,0,0,0,0.0,0.0,0.0%,TE
102,Ross Dwelley (SF),0,0,0,0.0,0,0,0,0,0,0,0,0,0.0,0.0,0.2%,TE
103,Codey McElroy (TB),0,0,0,0.0,0,0,0,0,0,0,0,0,0.0,0.0,0.0%,TE
104,Will Dissly (SEA),0,0,0,0.0,0,0,0,0,0,0,0,0,0.0,0.0,0.3%,TE
105,Mark Andrews (BAL),0,0,0,0.0,0,0,0,0,0,0,0,0,0.0,0.0,99.2%,TE
106,Dallas Goedert (PHI),0,0,0,0.0,0,0,0,0,0,0,0,0,0.0,0.0,87.1%,TE
107,Mike Gesicki (MIA),0,0,0,0.0,0,0,0,0,0,0,0,0,0.0,0.0,93.2%,TE
108,Troy Fumagalli (NE),0,0,0,0.0,0,0,0,0,0,0,0,0,0.0,0.0,0.0%,TE
109,Hayden Hurst (ATL),0,0,0,0.0,0,0,0,0,0,0,0,0,0.0,0.0,1.5%,TE
110,Dalton Schultz (DAL),0,0,0,0.0,0,0,0,0,0,0,0,0,0.0,0.0,84.7%,TE
111,Ian Thomas (CAR),0,0,0,0.0,0,0,0,0,0,0,0,0,0.0,0.0,0.1%,TE
112,Jordan Akins (HOU),0,0,0,0.0,0,0,0,0,0,0,0,0,0.0,0.0,0.5%,TE
113,David Wells (ARI),0,0,0,0.0,0,0,0,0,0,0,0,0,0.0,0.0,0.0%,TE
114,Jordan Franks (CLE),0,0,0,0.0,0,0,0,0,0,0,0,0,0.0,0.0,0.0%,TE
115,Ethan Wolf (NO),0,0,0,0.0,0,0,0,0,0,0,0,0,0.0,0.0,0.0%,TE
116,Durham Smythe (MIA),0,0,0,0.0,0,0,0,0,0,0,0,0,0.0,0.0,0.0%,TE
117,Noah Fant (DEN),0,0,0,0.0,0,0,0,0,0,0,0,0,0.0,0.0,83.5%,TE
118,Chris Herndon IV (MIN),0,0,0,0.0,0,0,0,0,0,0,0,0,0.0,0.0,0.2%,TE
119,Ryan Izzo (SEA),0,0,0,0.0,0,0,0,0,0,0,0,0,0.0,0.0,0.0%,TE
120,Dylan Cantrell (WAS),0,0,0,0.0,0,0,0,0,0,0,0,0,0.0,0.0,0.0%,TE
121,Tyler Conklin (MIN),0,0,0,0.0,0,0,0,0,0,0,0,0,0.0,0.0,34.8%,TE
122,Matt Bushman (LV),0,0,0,0.0,0,0,0,0,0,0,0,0,0.0,0.0,0.0%,TE
123,Tommy Tremble (CAR),0,0,0,0.0,0,0,0,0,0,0,0,0,0.0,0.0,0.3%,TE
124,Tre' McKitty (LAC),0,0,0,0.0,0,0,0,0,0,0,0,0,0.0,0.0,0.0%,TE
125,Kenny Yeboah (NYJ),0,0,0,0.0,0,0,0,0,0,0,0,0,0.0,0.0,0.0%,TE
126,Quintin Morris (BUF),0,0,0,0.0,0,0,0,0,0,0,0,0,0.0,0.0,0.0%,TE
127,Nick Eubanks (DET),0,0,0,0.0,0,0,0,0,0,0,0,0,0.0,0.0,0.0%,TE
128,Pro Wells (CIN),0,0,0,0.0,0,0,0,0,0,0,0,0,0.0,0.0,0.0%,TE
129,Miller Forristall (CLE),0,0,0,0.0,0,0,0,0,0,0,0,0,0.0,0.0,0.0%,TE
130,John Bates (WAS),0,0,0,0.0,0,0,0,0,0,0,0,0,0.0,0.0,0.0%,TE
131,Tony Poljan (BAL),0,0,0,0.0,0,0,0,0,0,0,0,0,0.0,0.0,0.0%,TE
132,Kylen Granson (IND),0,0,0,0.0,0,0,0,0,0,0,0,0,0.0,0.0,0.1%,TE
133,Hunter Long (MIA),0,0,0,0.0,0,0,0,0,0,0,0,0,0.0,0.0,0.1%,TE
134,Hunter Thedford (DET),0,0,0,0.0,0,0,0,0,0,0,0,0,0.0,0.0,0.0%,TE
135,Dominique Dafney (GB),0,0,0,0.0,0,0,0,0,0,0,0,0,0.0,0.0,0.0%,TE
136,Jibri Blount (MIA),0,0,0,0.0,0,0,0,0,0,0,0,0,0.0,0.0,0.0%,TE
137,Brock Wright (DET),0,0,0,0.0,0,0,0,0,0,0,0,0,0.0,0.0,0.0%,TE
138,Dylan Soehner (NO),0,0,0,0.0,0,0,0,0,0,0,0,0,0.0,0.0,0.0%,TE
139,Hunter Kampmoyer (LAC),0,0,0,0.0,0,0,0,0,0,0,0,0,0.0,0.0,0.0%,TE
140,Zach Davidson (MIN),0,0,0,0.0,0,0,0,0,0,0,0,0,0.0,0.0,0.0%,TE
141,John Raine (ATL),0,0,0,0.0,0,0,0,0,0,0,0,0,0.0,0.0,0.0%,TE
142,Shaun Beyer (DEN),0,0,0,0.0,0,0,0,0,0,0,0,0,0.0,0.0,0.0%,TE
143,Bernhard Seikovits (ARI),0,0,0,0.0,0,0,0,0,0,0,0,0,0.0,0.0,0.0%,TE
144,Shane Zylstra (DET),0,0,0,0.0,0,0,0,0,0,0,0,0,0.0,0.0,0.0%,TE
145,Noah Grey (KC),0,0,0,0.0,0,0,0,0,0,0,0,0,0.0,0.0,0.0%,TE
146,Kalif Jackson (MIA),0,0,0,0.0,0,0,0,0,0,0,0,0,0.0,0.0,0.0%,TE
147,Sal Cannella (MIA),0,0,0,0.0,0,0,0,0,0,0,0,0,0.0,0.0,0.0%,TE
148,Michael Jacobson (IND),0,0,0,0.0,0,0,0,0,0,0,0,0,0.0,0.0,0.0%,TE
149,Mark Vital Jr. (KC),0,0,0,0.0,0,0,0,0,0,0,0,0,0.0,0.0,0.0%,TE
150,Briley Moore-McKinney (TEN),0,0,0,0.0,0,0,0,0,0,0,0,0,0.0,0.0,0.0%,TE
151,Jack Stoll (PHI),0,0,0,0.0,0,0,0,0,0,0,0,0,0.0,0.0,0.0%,TE
152,Sammis Reyes (WAS),0,0,0,0.0,0,0,0,0,0,0,0,0,0.0,0.0,0.0%,TE
153,Jacob Harris (LAR),0,0,0,0.0,0,0,0,0,0,0,0,0,0.0,0.0,0.1%,TE
154,Adam Shaheen (MIA),0,0,0,0.0,0,0,0,0,0,0,0,0,0.0,0.0,0.0%,TE
155,Evan Engram (NYG),0,0,0,0.0,0,0,0,0,0,0,0,0,0.0,0.0,28.0%,TE
156,Luke Stocker (MIN),0,0,0,0.0,0,0,0,0,0,0,0,0,0.0,0.0,0.0%,TE
157,Lee Smith (ATL),0,0,0,0.0,0,0,0,0,0,0,0,0,0.0,0.0,0.0%,TE
158,Daniel Hardy (TB),0,0,0,0.0,0,0,0,0,0,0,0,0,0.0,0.0,0.0%,TE
159,Dominique Curry (DET),0,0,0,0.0,0,0,0,0,0,0,0,0,0.0,0.0,0.0%,TE
160,Rob Gronkowski (TB),0,0,0,0.0,0,0,0,0,0,0,0,0,0.0,0.0,86.2%,TE
161,Marquez Branson (ATL),0,0,0,0.0,0,0,0,0,0,0,0,0,0.0,0.0,0.0%,TE
162,John Nalbone (CIN),0,0,0,0.0,0,0,0,0,0,0,0,0,0.0,0.0,0.0%,TE
163,Kyle Rudolph (NYG),0,0,0,0.0,0,0,0,0,0,0,0,0,0.0,0.0,0.7%,TE
164,James Dearth (NYJ),0,0,0,0.0,0,0,0,0,0,0,0,0,0.0,0.0,0.0%,TE
165,Travis Kelce (KC),0,0,0,0.0,0,0,0,0,0,0,0,0,0.0,0.0,100.0%,TE
166,Zach Ertz (ARI),0,0,0,0.0,0,0,0,0,0,0,0,0,0.0,0.0,72.8%,TE
167,Levine Toilolo (NYG),0,0,0,0.0,0,0,0,0,0,0,0,0,0.0,0.0,0.0%,TE
168,Luke Willson (SEA),0,0,0,0.0,0,0,0,0,0,0,0,0,0.0,0.0,0.0%,TE
169,Ryan Griffin (NYJ),0,0,0,0.0,0,0,0,0,0,0,0,0,0.0,0.0,0.2%,TE
170,Deangelo Peterson (WAS),0,0,0,0.0,0,0,0,0,0,0,0,0,0.0,0.0,0.0%,TE
171,Drake Dunsmore (TB),0,0,0,0.0,0,0,0,0,0,0,0,0,0.0,0.0,0.0%,TE
172,Derek Carrier (LV),0,0,0,0.0,0,0,0,0,0,0,0,0,0.0,0.0,0.0%,TE
173,Jimmy Graham (CHI),0,0,0,0.0,0,0,0,0,0,0,0,0,0.0,0.0,0.4%,TE
174,Demetrius Harris (ARI),0,0,0,0.0,0,0,0,0,0,0,0,0,0.0,0.0,0.1%,TE
175,Daniel Fells (FA),21,35,273,13.0,36,0,3,0,0,0,1,14,0.0,0.0,0.0%,TE
176,Dante Rosario (FA),26,48,313,12.0,26,0,2,0,0,0,0,14,0.0,0.0,0.0%,TE
177,Darnell Dinkins (NO),0,0,0,0.0,0,0,0,0,0,0,0,0,0.0,0.0,0.0%,TE
178,David Johnson (FA),2,4,9,4.5,5,0,0,0,0,0,0,15,0.0,0.0,0.0%,TE
179,Delanie Walker (FA),21,33,233,11.1,39,0,0,3,34,0,2,16,0.0,0.0,0.1%,TE
180,Derek Fine (HOU),0,0,0,0.0,0,0,0,0,0,0,0,0,0.0,0.0,0.0%,TE
181,Dan Gronkowski (FA),1,3,4,4.0,4,0,0,0,0,0,0,2,0.0,0.0,0.0%,TE
182,Dustin Keller (FA),45,82,522,11.6,40,0,2,1,7,0,1,16,0.0,0.0,0.0%,TE
183,Fred Davis (FA),48,76,509,10.6,29,0,6,0,0,0,0,16,0.0,0.0,0.0%,TE
184,Gary Barnidge (FA),12,21,242,20.2,55,0,0,0,0,0,0,16,0.0,0.0,0.1%,TE
185,Heath Miller (FA),76,98,789,10.4,41,0,6,0,0,0,0,16,0.0,0.0,0.0%,TE
186,Isaiah Stanback (FA),3,7,22,7.3,9,0,0,0,0,0,0,6,0.0,0.0,0.0%,TE
187,J.P. Foschi (CIN),0,0,0,0.0,0,0,0,0,0,0,0,0,0.0,0.0,0.0%,TE
188,Jacob Tamme (FA),3,10,35,11.7,21,0,0,0,0,0,0,16,0.0,0.0,0.0%,TE
189,Jake Nordin (DET),0,0,0,0.0,0,0,0,0,0,0,0,0,0.0,0.0,0.0%,TE
190,Dallas Clark (FA),100,133,1106,11.1,80,0,10,2,11,0,0,16,0.0,0.0,0.0%,TE
191,James Casey (FA),6,12,64,10.7,32,0,0,0,0,0,0,15,0.0,0.0,0.0%,TE
192,Anthony Fasano (FA),31,53,339,10.9,27,0,2,0,0,0,2,14,0.0,0.0,0.1%,TE
193,Antonio Gates (FA),79,114,1157,14.6,56,0,8,0,0,0,0,16,0.0,0.0,0.2%,TE
194,Bear Pascoe (FA),1,1,9,9.0,9,0,0,0,0,0,0,4,0.0,0.0,0.0%,TE
195,Ben Hartsock (FA),1,4,2,2.0,2,0,1,0,0,0,0,16,0.0,0.0,0.0%,TE
196,Benjamin Watson (FA),29,41,404,13.9,36,0,5,0,0,0,0,16,0.0,0.0,2.8%,TE
197,Billy Bajema (FA),8,11,94,11.8,27,0,0,0,0,0,0,16,0.0,0.0,0.0%,TE
198,Brad Cottam (KC),0,0,0,0.0,0,0,0,0,0,0,0,0,0.0,0.0,0.0%,TE
199,Craig Stevens (FA),0,1,0,0.0,0,0,0,0,0,0,0,12,0.0,0.0,0.0%,TE
200,Brandon Myers (FA),4,6,19,4.8,6,0,0,0,0,0,0,11,0.0,0.0,0.0%,TE
201,Brandon Pettigrew (FA),30,54,346,11.5,30,0,2,0,0,0,0,11,0.0,0.0,0.0%,TE
202,Brent Celek (FA),76,112,971,12.8,47,0,8,0,0,0,0,16,0.0,0.0,0.0%,TE
203,Brian Jennings (FA),0,0,0,0.0,0,0,0,0,0,0,0,16,0.0,0.0,0.0%,TE
204,Cameron Morrah (FA),1,1,3,3.0,3,0,0,0,0,0,0,3,0.0,0.0,0.0%,TE
205,Clark Harris (CIN),0,0,0,0.0,0,0,0,0,0,0,0,11,0.0,0.0,0.0%,TE
206,Colin Cloherty (FA),1,1,2,2.0,2,0,0,0,0,0,0,1,0.0,0.0,0.0%,TE
207,Tony Gonzalez (FA),83,135,867,10.4,27,0,6,0,0,0,0,16,0.0,0.0,0.0%,TE
208,Owen Daniels (FA),40,58,519,13.0,44,0,5,0,0,0,0,8,0.0,0.0,0.0%,TE
209,Richard Quinn (FA),0,1,0,0.0,0,0,0,0,0,0,0,15,0.0,0.0,0.0%,TE
210,Tony Scheffler (FA),31,50,416,13.4,52,0,2,0,0,0,0,15,0.0,0.0,0.0%,TE
211,Mike Leach (FA),0,0,0,0.0,0,0,0,0,0,0,0,16,0.0,0.0,0.0%,TE
212,Vernon Davis (FA),78,129,965,12.4,73,0,13,0,0,0,0,16,0.0,0.0,1.6%,TE
213,Will Heller (FA),29,50,296,10.2,24,0,3,0,0,0,0,16,0.0,0.0,0.0%,TE
214,Zach Miller (FA),21,27,212,10.1,62,0,2,1,3,0,0,14,0.0,0.0,0.0%,TE
215,Zach Miller (FA),66,99,805,12.2,86,0,3,0,0,0,0,15,0.0,0.0,0.0%,TE
216,Zach Potter (FA),1,1,3,3.0,3,0,0,0,0,0,0,1,0.0,0.0,0.0%,TE
217,Jeff King (FA),25,33,200,8.0,32,0,3,0,0,0,0,16,0.0,0.0,0.0%,TE
218,Jermichael Finley (FA),55,72,676,12.3,62,0,5,0,0,0,1,13,0.0,0.0,0.0%,TE
219,Joel Dreessen (FA),26,39,320,12.3,25,0,1,0,0,0,0,16,0.0,0.0,0.0%,TE
220,Joey Haynos (MIA),0,0,0,0.0,0,0,0,0,0,0,0,0,0.0,0.0,0.0%,TE
221,John Carlson (FA),51,83,574,11.3,42,0,7,0,0,0,0,16,0.0,0.0,0.0%,TE
222,John Phillips (FA),7,9,62,8.9,23,0,0,0,0,0,0,16,0.0,0.0,0.0%,TE
223,Justin Snow (IND),0,0,0,0.0,0,0,0,0,0,0,0,0,0.0,0.0,0.0%,TE
224,Keith Zinger (ATL),0,0,0,0.0,0,0,0,0,0,0,0,0,0.0,0.0,0.0%,TE
225,Kellen Davis (FA),9,14,75,8.3,18,0,3,0,0,0,0,16,0.0,0.0,0.2%,TE
226,Kellen Winslow (FA),77,126,884,11.5,42,0,5,1,7,0,0,16,0.0,0.0,0.0%,TE
227,Kory Sperry (FA),3,6,31,10.3,13,0,1,0,0,0,0,8,0.0,0.0,0.0%,TE
228,Martellus Bennett (FA),15,30,159,10.6,21,0,0,0,0,0,0,14,0.0,0.0,23.0%,TE
229,Matt Spaeth (FA),5,7,25,5.0,9,0,1,0,0,0,0,16,0.0,0.0,0.0%,TE
230,Matthew Mulligan (FA),1,1,2,2.0,2,0,0,0,0,0,0,5,0.0,0.0,0.0%,TE
231,Daniel Brown (KC),0,0,0,0.0,0,0,0,0,0,0,0,0,0.0,0.0,0.0%,TE
232,Beau Brinkley (ARI),0,0,0,0.0,0,0,0,0,0,0,0,0,0.0,0.0,0.2%,TE
233,James Winchester (KC),0,0,0,0.0,0,0,0,0,0,0,0,0,0.0,0.0,0.0%,TE
234,Tyler Ott (SEA),0,0,0,0.0,0,0,0,0,0,0,0,0,0.0,0.0,0.0%,TE
235,Patrick Scales (CHI),0,0,0,0.0,0,0,0,0,0,0,0,0,0.0,0.0,0.0%,TE
236,Andrew DePaola (MIN),0,0,0,0.0,0,0,0,0,0,0,0,0,0.0,0.0,0.0%,TE
237,Hunter Henry (NE),0,0,0,0.0,0,0,0,0,0,0,0,0,0.0,0.0,64.2%,TE
238,Bronson Kaufusi (GB),0,0,0,0.0,0,0,0,0,0,0,0,0,0.0,0.0,0.0%,TE
239,Eric Tomlinson (BAL),0,0,0,0.0,0,0,0,0,0,0,0,0,0.0,0.0,0.0%,TE
240,Tyler Higbee (LAR),0,0,0,0.0,0,0,0,0,0,0,0,0,0.0,0.0,84.8%,TE
241,C.J. Uzomah (CIN),0,0,0,0.0,0,0,0,0,0,0,0,0,0.0,0.0,19.3%,TE
242,Darren Waller (LV),0,0,0,0.0,0,0,0,0,0,0,0,0,0.0,0.0,99.8%,TE
243,Khari Lee (DET),0,0,0,0.0,0,0,0,0,0,0,0,0,0.0,0.0,0.0%,TE
244,James O'Shaughnessy (JAC),0,0,0,0.0,0,0,0,0,0,0,0,0,0.0,0.0,0.1%,TE
245,Geoff Swaim (TEN),0,0,0,0.0,0,0,0,0,0,0,0,0,0.0,0.0,0.3%,TE
246,Matt LaCosse (NE),0,0,0,0.0,0,0,0,0,0,0,0,0,0.0,0.0,0.0%,TE
247,Austin Hooper (CLE),0,0,0,0.0,0,0,0,0,0,0,0,0,0.0,0.0,22.5%,TE
248,Nick Vannett (NO),0,0,0,0.0,0,0,0,0,0,0,0,0,0.0,0.0,0.0%,TE
249,Joshua Perkins (SF),0,0,0,0.0,0,0,0,0,0,0,0,0,0.0,0.0,0.0%,TE
250,Zach Wood (NO),0,0,0,0.0,0,0,0,0,0,0,0,0,0.0,0.0,0.0%,TE
251,Garrett Griffin (NO),0,0,0,0.0,0,0,0,0,0,0,0,0,0.0,0.0,0.0%,TE
252,O.J. Howard (TB),0,0,0,0.0,0,0,0,0,0,0,0,0,0.0,0.0,2.3%,TE
253,David Njoku (CLE),0,0,0,0.0,0,0,0,0,0,0,0,0,0.0,0.0,6.8%,TE
254,Alex Ellis (ARI),0,0,0,0.0,0,0,0,0,0,0,0,0,0.0,0.0,0.0%,TE
255,Stephen Anderson (LAC),0,0,0,0.0,0,0,0,0,0,0,0,0,0.0,0.0,0.1%,TE
256,J.P. Holtz (CHI),0,0,0,0.0,0,0,0,0,0,0,0,0,0.0,0.0,0.0%,TE
257,Jordan Matthews (SF),0,0,0,0.0,0,0,0,0,0,0,0,0,0.0,0.0,0.0%,TE
258,Jack Doyle (IND),0,0,0,0.0,0,0,0,0,0,0,0,0,0.0,0.0,1.0%,TE
259,Logan Thomas (WAS),0,0,0,0.0,0,0,0,0,0,0,0,0,0.0,0.0,52.3%,TE
260,Eric Ebron (PIT),0,0,0,0.0,0,0,0,0,0,0,0,0,0.0,0.0,4.2%,TE
261,Xavier Grimble (BAL),0,0,0,0.0,0,0,0,0,0,0,0,0,0.0,0.0,0.0%,TE
262,Richard Rodgers (PHI),0,0,0,0.0,0,0,0,0,0,0,0,0,0.0,0.0,0.0%,TE
263,Chris Manhertz (JAC),0,0,0,0.0,0,0,0,0,0,0,0,0,0.0,0.0,0.0%,TE
264,Kyle Nelson (ARI),0,0,0,0.0,0,0,0,0,0,0,0,0,0.0,0.0,0.0%,TE
265,Maxx Williams (ARI),0,0,0,0.0,0,0,0,0,0,0,0,0,0.0,0.0,0.5%,TE
266,Jesse James (CHI),0,0,0,0.0,0,0,0,0,0,0,0,0,0.0,0.0,0.1%,TE
267,Tyler Kroft (NYJ),0,0,0,0.0,0,0,0,0,0,0,0,0,0.0,0.0,0.2%,TE
268,Nick Boyle (BAL),0,0,0,0.0,0,0,0,0,0,0,0,0,0.0,0.0,0.1%,TE
269,MyCole Pruitt (TEN),0,0,0,0.0,0,0,0,0,0,0,0,0,0.0,0.0,0.1%,TE
270,Blake Bell (KC),0,0,0,0.0,0,0,0,0,0,0,0,0,0.0,0.0,0.1%,TE
271,Darren Fells (TB),0,0,0,0.0,0,0,0,0,0,0,0,0,0.0,0.0,0.1%,TE
272,Cameron Brate (TB),0,0,0,0.0,0,0,0,0,0,0,0,0,0.0,0.0,2.9%,TE
